EmpLocationDesc,facility_city,facility_state
HCA Florida Pasadena Hospital,Petersburg,FL
Mission Hospital,Ashville,NC
Swedish Medical Center,Englewood,CO
Parkridge Medical Center,Chattanooga,TN
1100 MLK (Capitol View),Nashville,TN
LewisGale Medical Center,Richmond,VA
Medical City Green Oaks Hospit,Dallas,TX
Corporate Campus(5950 only),Nashville,TN
HCA Florida Citrus Hospital,Inverness,FL
HCA Houston Kingwood,Sugarland,TX
Centennial Medical Center,Nashville,TN
HCA Houston Med Ctr,Houston,TX
HCA Florida Largo Hospital,Largo,FL
Memorial Health Meadows Hospit,Vidalia,GA
HCA Houston Mainland,Texas City,TX
Rio Grande Regional Hospital,Sugar Land,TX
Belton Regional Medical Center,Kansas City,MO
Oviedo Medical Center,Oviedo,FL
Memorial Health UMC Savannah,Savannah,GA
Henrico Doctors Hosp Parham,Richmond,VA
Medical City Dallas,Dallas,TX
HCA Houston Northwest,Sugar Land,TX
Grand Strand Medical Center,Myrtle Beach,SC
South Austin Medical Center,Austin,TX
Henrico Doctors Hospital,Richmond,VA
Eastern Idaho RMC,Idaho Falls,ID
CJW Medical Center,Richmond,VA
HCA Florida Mercy Hospital,Miami,FL
Med City Fort Worth,Ft. Worth,TX
Work from Home Location Code,Nashville,TN
Northcrest Medical Center,Springfield,TN
Methodist Hospital Westover Hi,San Antonio,TX
HCA Houston Conroe,Conroe,TX
HCA Florida Orange Park Hospit,Orange Park,FL
HCA Florida Poinciana Hospital,Kissimmee,FL
HCA Florida North Florida Hosp,Gainesville,FL
Menorah Medical Center,Overland Park,KS
Medical City Arlington,Arlington,TX
Northeast Methodist Hospital,Live Oak,TX
MountainView Hospital,Las Vegas,NV
Rose Medical Center,Denver,CO
Wesley Medical Center,Richmond,VA
StoneSprings Hospital Center,Dulles,VA
Los Robles Reg Med Ctr,Thousand Oaks,CA
Fairview Park Hospital,Dublin,GA
Sky Ridge Medical Center,Lone Tree,CO
HCA Florida Oak Hill Hospital,Brooksville,FL
Fairview Park Hospital,Jacksonville,FL
North Suburban Medical Center,Thornton,CO
Research Medical Center,Kansas City,MO
HCA Houston Kingwood,Kingwood,TX
HCA Florida Northside Hospital,Richmond,VA
HCA Houston N Cypress,Cypress,TX
Terre Haute Regional Hospital,Terre Haute,IN
HCA Houston Northwest,Houston,TX
Rapides Regional Medical Centr,Alexandria,LA
HCA Florida - Ocala Hospital,Ocala,FL
Lafayette Regional Health Cent,Shawnee,KS
HCA Florida Trinity Hospital,New Port Richey,FL
HCA Florida Northside Hospital,St. Petersburg,FL
HCA Florida Fort Walton-Destin,Fort Walton Beach,FL
Corpus Christi Medical Center,Corpus Christi,TX
Timpanogos Regional Medical Ct,Orem,UT
MountainStar Healthcare,Salt Lake City,UT
HCA Florida Largo Hospital,Nashville,TN
Medical City Alliance,Fort Worth,TX
HCA Florida JFK Hospital,Atlantis,FL
Trident Medical Center,Charleston,SC
HCA Houston Tomball,Tomball,TX
HCA Florida Palms West Hospita,Loxachatchee,FL
Metropolitan Methodist Hosp,San Antonio,TX
Portsmouth Regional Hospital,Portsmouth,NH
HCA Florida West Hospital,Pensacola,FL
St Marks Hospital,Salt Lake City,UT
HCA Florida Northwest Hospital,Margate,FL
Medical City Las Colinas,Irving,TX
HCA Florida Gulf Coast Hospita,Panama City,FL
Spotsylvania Regional Med Ctr,Fredericksburg,VA
North Austin Medical Center,Austin,TX
Medical City Decatur,Decatur,TX
HCA Florida Memorial Hospital,Jacksonville,FL
HCA Florida Raulerson Hospital,Okeechobee,FL
Good Samaritan Hospital,San Jose,CA
HCA FL South Tampa Hospital,Tampa,FL
St Davids Medical Center,Austin,TX
HCA Houston Southeast,Pasadena,TX
Summerville Medical Center,Charleston,SC
HCA Florida South Shore Hospit,Sun City Center,FL
HCA Florida Fawcett Hospital,Port Charlotte,FL
Methodist Hospital,San Antonio,TX
Methodist Childrens Hospital,San Antonio,TX
Hendersonville Medical Center,Hendersonville,TN
Medical City Frisco,Frisco,TX
Womans Hospital of Texas,Sugar Land,TX
Lawson Corporate,Nashville,TN
Sunrise Hospital & Med Center,Las Vegas,NV
Medical City McKinney,McKinney,TX
P-SL Medical Center,Denver,CO
Lakeview Hospital,Bountiful,UT
Asheville Specialty Hospital,Asheville,NC
Medical Center of Aurora,Aurora,CO
Wesley Medical Center,Denver,CO
MidAmerica Supply Chain,Shawnee,KS
HCA Florida Lake City Hospital,Lake City,FL
Sunrise Hospital & Med Center,Henderson,NV
Ogden Regional Medical Center,Ogden,UT
Methodist Texsan Hospital,San Antonio,TX
Horizon Medical Center,Dickson,TN
HCA Florida Kendall Hospital,Miami,FL
Texas Orthopedic Hospital,Houston,TX
Overland Park Regional Medical,Overland Park,KS
HCA Florida Woodmont Hospital,Tamarac,FL
Las Palmas Medical Center,El Paso,TX
HCA Florida Putnam Hospital,Palatka,FL
HCA Florida Bayonet Point Hosp,Largo,FL
Parkridge East Hospital,Chattanooga,TN
Lawson IT&S,Nashville,TN
TriStar Division Office,Nashville,TN
HCA Florida Capital Hospital,Tallahassee,FL
HCA Florida Osceola Hospital,Jacksonville,FL
Doctors Hospital of Augusta,Augusta,GA
HCA Florida Westside Hospital,Plantation,FL
Rio Grande Regional Hospital,McAllen,TX
Medical City Frisco-Behavioral,Frisco,TX
St Davids Surgical Hospital,Austin,TX
MedCity Dallas Hrt & Spine Hos,Dallas,TX
Medical City Weatherford,Weatherford,TX
Methodist Spec & Trans Hosp,San Antonio,TX
Texas Orthopedic Hospital,Sugar Land,TX
Medical City Lewisville,Lewisville,TX
Frisbie Memorial Hospital,Rochester,NH
PAS - Richmond,Richmond,VA
Corporate Sarah Cannon(5950),Nashville,TN
Lees Summit Medical Center,Lee's Summit,MO
Centennial Hospital,Aurora,CO
McDowell Hospital,Marion,NC
Parkland Medical Center,Derry,NH
HCA Florida St. Lucie Hospital,Nashville,TN
HCA Houston Clear Lake,Webster,TX
HCA Florida North Florida Hosp,Tallahassee,FL
HCA Florida St. Lucie Hospital,Port St. Luice,FL
Valley Regional Medical Center,Brownsville,TX
Johnston-Willis Hospital,Richmond,VA
Doctors Hospital of Augusta,Charleston,SC
Lafayette Regional Health Cent,Lexington,MO
LewisGale Medical Center,Salem,VA
Regional Med Ctr of San Jose,San Jose,CA
Riverside Community Hospital,Riverside,CA
Gulf Coast Division Office,Sugarland,TX
LewisGale Hospital-Alleghany,Low Moor,VA
Overland Park Regional Medical,Richmond,VA
HCA Florida Highlands Hospital,Sebring,FL
Womans Hospital of Texas,Houston,TX
HCA Florida Pasadena Hospital,Largo,FL
HCA Houston West,Houston,TX
HCA FL West Tampa Hospital,Tampa,FL
HCA Florida St. Petersburg Hos,St. Petersburg,FL
IT&S - Far West Division,Henderson,NV
Menorah Medical Center,Richmond,VA
Del Sol Medical Center,El Paso,TX
Continental Supply Chain,Denver,CO
Methodist Stone Oak Hospital,San Antonio,TX
Southern Hills Hosp & Med Ctr,Las Vegas,NV
Medical City North Hills,North Richland Hills,TX
Medical City Denton,Coppell,TX
Lone Peak Hospital,Draper,UT
HCA Houston Pearland,Pearland,TX
Alaska Regional Hospital,Anchorage,AK
HCA Florida Osceola Hospital,Kissimmee,FL
HCA Florida Brandon Hospital,Brandon,FL
Heart Hospital of Austin,Austin,TX
Medical City Plano,Plano,TX
Largo Med Ctr - Indian Rocks,Largo,FL
West Florida Supply Chain,Largo,FL
Mission Hospital,Richmond,VA
LewisGale Hospital-Alleghany,Salem,VA
Terre Haute Regional Hospital,Richmond,VA
HCA Florida Poinciana Hospital,Jacksonville,FL
Summit Medical Center,Hermitage,TN
Medical City Denton,Denton,TX
W Central Fla Shared Svcs,Brandon,FL
Summit Medical Center,Nashville,TN
Gulf Coast Division Office,Pearland,TX
Corpus Christi Medical Center,Sugar Land,TX
HCA Florida Lake Monroe Hospit,Sanford,FL
Medical City Dallas,Coppell,TX
Southern Hills Medical Center,Nashville,TN
HCA Florida Englewood Hospital,Englewood,FL
Centerpoint Medical Center,Richmond,VA
IT&S - North Florida Division,Tallahassee,FL
Parkridge Medical Center,Antioch,TN
StoneCrest Medical Center,Smyrna,TN
Reston Hospital Center,Nashville,TN
HCA Florida North Florida Hosp,Jacksonville,FL
HealthOne System Support,Englewood,CO
San Antonio Division Office,San Antonio,TX
Gulf Coast Supply Chain,Sugar Land,TX
Wesley Medical Center,Wichita,KS
Blue Ridge Regional Hospital,Spruce Pine,NC
Skyline Medical Center,Nashville,TN
LewisGale Hospital-Pulaski,Pulaski,VA
CarePartners Rehab Hospital,Ashville,NC
Methodist Hospital South,Jourdanton,TX
Reston Hospital Center,Reston,VA
Frankfort Regional Medical Ctr,Frankfort,KY
Corpus Christi Md Ctr Bay Area,Corpus Christi,TX
Wesley Woodlawn Hospital & ER,Wichita,KS
TriStar Supply Chain,Nashville,TN
HCA Florida University Hospita,Davie,FL
TMCA - Behavioral Health and W,Aurora,CO
Spalding Rehabilitation Center,Denver,CO
St Marks Hospital,Kaysville,UT
HCA Florida Aventura Hospital,Aventura,FL
HCA Florida West Hospital,Jacksonville,FL
Lafayette Regional Health Cent,Richmond,VA
St Davids Georgetown,Georgetown,TX
Sky Ridge Medical Center,Denver,CO
Research Medical Center,Shawnee,KS
HCA Houston Med Ctr,Sugar Land,TX
Partnership Market Office,Austin,TX
UCF Lake Nona Hospital,Orlando,FL
HCA Florida Englewood Hospital,Largo,FL
Angel Medical Center,Franklin,NC
Corporate Brentwood(5950 only),Nashville,TN
Methodist Hospital Hill Cntry,Fredericksburg,TX
Reston Hospital Center,Richmond,VA
HCA Florida Kendall Hospital,Miramar,FL
Parkridge Medical Center,Nashville,TN
Methodist Landmark Hospital,San Antonio,TX
San Antonio Supply Chain,San Antonio,TX
Trident Medical Center,Jacksonville,FL
North Florida Supply Chain,Jacksonville,FL
HCA Florida West Marion Hosp,Ocala,FL
HCA Florida Blake Hospital,Bradenton,FL
Medical Center of Aurora,Nashville,TN
IT&S - South Atlantic Division,Charleston,SC
HCA Florida Ocala Hospital,Ocala,FL
HCA Florida Sarasota Doctors,Sarasota,FL
HCA Florida Ocala Hospital,Orlando,FL
Round Rock Medical Center,Round Rock,TX
Cuero Community Hospital,San Antonio,TX
IT&S - Central/West Texas Divi,Austin,TX
Valley Regional Medical Center,Sugar Land,TX
Ogden Regional Medical Center,Kaysville,UT
Riverside Community Hospital,Henderson,NV
HCA Florida Lawnwood Hospital,Fort Pierce,FL
West Valley Medical Center,Caldwell,ID
Colleton Medical Center,Walterboro,SC
Rapides Regional Medical Centr,Coppell,TX
Mission Health Cntr Sugar Hill,Marion,NC
HCA Florida Twin Cities Hospit,Niceville,FL
Medical City Plano,Coppell,TX
HCA Florida Bayonet Point Hosp,Hudson,FL
West Florida Division Office,Largo,FL
Centerpoint Medical Center,Covington,LA
Frisbie Memorial Hospital,Richmond,VA
MountainStar Healthcare,Draper,UT
Medical City Frisco-Behavioral,Coppell,TX
North Carolina Division Office,Asheville,NC
St David's Rehab,Austin,TX
Capital Division Office,Richmond,VA
HCA Houston Clear Lake,Sugar Land,TX
North Texas Division Office,Coppell,TX
TriCities Hospital,Hopewell,VA
West Florida Division Office,Tampa,FL
HCA Florida JFK Hospital,Miramar,FL
Belton Regional Medical Center,Overland Park,KS
Pinewood Springs,Columbia,TN
HCA Florida University Hospita,Miramar,FL
Medical City Las Colinas,Coppell,TX
Greenview Regional Hospital,Bowling Green,KY
Hendersonville Medical Center,Nashville,TN
Capital Supply Chain,Richmond,VA
Swedish Medical Center,Denver,CO
StoneSprings Hospital Center,Richmond,VA
HCA Florida Aventura Hospital,Miramar,FL
Methodist Healthcare System,San Antonio,TX
Medical City Sachse,Sachse,TX
HCA Florida Palms West Hospita,Miramar,FL
MedCity Dallas Hrt & Spine Hos,Coppell,TX
East Florida Division Shared S,Plantation,FL
Lawson Group - International,Nashville,TN
HCA Florida Trinity Hospital,Nashville,TN
Horizon Medical Center,Nashville,TN
Tomball FSER Cypres Creek,Tomball,TX
HCA Florida Westside Hospital,Miramar,FL
Northeast Methodist Hospital,San Antonio,TX
HCA Florida JFK North Hospital,West Palm Beach,FL
LewisGale Hospital-Montgomery,Blacksburg,VA
Mission Hospital,Asheville,NC
P-SL Medical Center,Richmond,VA
HCA Florida Woodmont Hospital,Miramar,FL
Brigham City Comm Hospital,Brigham City,UT
Lees Summit Medical Center,Shawnee,KS
ROi GPO PR,Nashville,TN
Med City Fort Worth,Coppell,TX
Retreat Hospital,Richmond,VA
Brigham City Comm Hospital,Kaysville,UT
Highlands-Cashiers Hospital,Highlands,NC
Mission Primary Care-Haywood,Brevard,NC
Ogden Regional Medical Center,Draper,UT
Dominion Hospital,Richmond,VA
Memorial Health UMC Savannah,Charleston,SC
Corpus Christi Heart Hospital,Corpus Christi,TX
HCA Florida Fort Walton-Destin,Jacksonville,FL
HCA Florida Oak Hill Hospital,Largo,FL
TriCities Hospital,Richmond,VA
HCA Florida Lawnwood Hospital,Miramar,FL
HCA Florida Trinity Hospital,Largo,FL
Work from Home Location Code,Myrtle Beach,SC
West Valley Medical Center,Kaysville,UT
Gulf Coast Division Office,Nashville,TN
LewisGale Hospital-Alleghany,Richmond,VA
Nashville FSC,Antioch,TN
North Florida Division Office,Jacksonville,FL
LewisGale Hospital-Montgomery,Richmond,VA
North Texas Division Office,Frisco,TX
Gulf Coast Division Office,Sugar Land,TX
North Suburban Medical Center,Denver,CO
HCA Houston Pearland,Sugar Land,TX
Memorial Satilla Health,Waycross,GA
Richmond FSC,Richmond,VA
HCA Houston Conroe,Sugar Land,TX
Portsmouth Regional Hospital,Richmond,VA
Angel Primary Care,Franklin,NC
StoneCrest Medical Center,Nashville,TN
Hendersonville Medical Center,Richmond,VA
Cache Valley Hospital,North Logan,UT
HCA Houston N Cypress,Sugar Land,TX
HCA Florida Brandon Hospital,Richmond,VA
HCA Florida Capital Hospital,Jacksonville,FL
HCA Florida Twin Cities Hospit,Tallahassee,FL
HCA Florida Capital Hospital,Orlando,FL
CRL - West Florida Division,Largo,FL
HCA Houston West,Sugar Land,TX
HCA Florida St. Lucie Hospital,Miramar,FL
Methodist Hospital South,San Antonio,TX
North Florida Radiation Oncolo,Gainesville,FL
Hawaii Loc Code Only,Lone Tree,CO
Work from Home Location Code,Richmond,VA
North Suburban Medical Center,Richmond,VA
HCA Florida Sarasota Doctors,Largo,FL
MountainView Hospital,Henderson,NV
IT&S - MidAmerica Division,Covington,LA
Alaska Surgery Center,Nashville,TN
St Davids Georgetown,Austin,TX
Lakeview Hospital,Kaysville,UT
Moncks Corner Medical Center,Charleston,SC
South Atlantic Division Office,Jacksonville,FL
MedCity Dallas Hrt & Spine Hos,Nashville,TN
East Florida Supply Chain,Miramar,FL
HCA Houston West,Sugarland,TX
HCA Florida Gulf Coast Hospita,Jacksonville,FL
Mission Hospital,Nashville,TN
Sky Ridge Medical Center,Richmond,VA
Mountain View Hospital-Utah,Payson,UT
Blue Ridge Regional Hospital,Nashville,TN
HCA Florida Orange Park Hospit,Charleston,SC
HCA Florida Memorial Hospital,Charleston,SC
CRL - TriStar Division,Nashville,TN
North Texas Supply Chain,Coppell,TX
HCA Houston Mainland,Sugar Land,TX
UCF Lake Nona Hospital,Tallahassee,FL
Advanced Imaging - Main,Ocala,FL
HCA Florida Lake Monroe Hospit,Tallahassee,FL
Medical City Dallas,Nashville,TN
Hanover Emergency & Imaging Ct,Richmond,VA
Med City Alliance Mental Hlth,Fort Worth,TX
HCA FL South Tampa Hospital,Largo,FL
Far West Division Office,Nashville,TN
SLS - Mem Hospital of Tampa,Tampa,FL
Medical City Arlington,Coppell,TX
Mission Imaging,Richmond,VA
Transylvania Regional Hospital,Brevard,NC
East Florida Division Office,Miramar,FL
MountainStar Healthcare,Nashville,TN
HCA Florida Blake Hospital,Largo,FL
Lees Summit Medical Center,Covington,LA
HCA Florida - Ocala Hospital,Jacksonville,FL
HCA Houston Pearland,Sugarland,TX
Oviedo Medical Center,Jacksonville,FL
Parkridge West Hospital,Jasper,TN
Dominion Hospital,Falls Church,VA
Wesley Rehabilitation Center,Wichita,KS
HCA Florida Northwest Hospital,Miramar,FL
East Florida Division Office,Ft. Lauderdale,FL
Menorah Medical Center,Shawnee,KS
Frio Regional Hospital,San Antonio,TX
Medical City Green Oaks Hospit,Coppell,TX
Memorial Health Meadows Hospit,Charleston,SC
Work from Home Location Code,Pearland,TX
SVG CONTINENTAL OPS SUPPORT,Nashville,TN
Medical Center of Aurora,Denver,CO
Stone Springs Multi Specialty,Richmond,VA
HCA Houston Clear Lake,Nashville,TN
Swedish Medical Center,Richmond,VA
Fort Worth Data Center,Nashville,TN
HCA Florida Raulerson Hospital,Miramar,FL
Continental Unassigned,Denver,CO
HCA Florida Largo Hospital,Richmond,VA
Med Ctr FSER Jester,Houston,TX
Cache Valley Hospital,Salt Lake City,UT
Eastern Idaho RMC,Kaysville,UT
Lees Summit Medical Center,Richmond,VA
Medical City Decatur,Coppell,TX
Live Oak Mental Health and Wel,Ladson,SC
Medical City McKinney,Coppell,TX
West FSER Westheimer,Houston,TX
Parkland Medical Center,Richmond,VA
Skyline Madison Campus,Springfield,TN
HCA Florida Memorial Hospital,Nashville,TN
HCA Houston Northwest,Sugarland,TX
Mountain Supply Chain,Kaysville,UT
HealthTrust Workforce Solution,Nashville,TN
Overland Park Regional Medical,Shawnee,KS
Medical Center of Aurora,Richmond,VA
Summit Medical Center,Richmond,VA
Los Robles Reg Med Ctr,Henderson,NV
Memorial Health UMC Savannah,Jacksonville,FL
Medical City Frisco,Nashville,TN
South Austin Medical Center,Nashville,TN
Medical City McKinney,Nashville,TN
HCA Florida Blake Hospital,Nashville,TN
Corporate Cool Springs(5950),Nashville,TN
Spotsylvania Regional Med Ctr,Richmond,VA
HCA Florida Highlands Hospital,Miramar,FL
PM Capital Division,Richmond,VA
South Atlantic Division Office,Charleston,SC
Del Sol Medical Center,Austin,TX
Grand Strand Medical Center,Charleston,SC
Mission Hospital,Highlands,NC
Dimmit Regional Hospital,San Antonio,TX
HCA Florida Orange Park Hospit,Nashville,TN
HCA Florida Memorial Hospital,Richmond,VA
West FSER S TX 6,Houston,TX
Blue Ridge Med Cntr - Yancey,Spruce Pine,NC
HCA Florida Fort Walton-Destin,Tallahassee,FL
Research Medical Center,Richmond,VA
Methodist Stone Oak Hospital,Nashville,TN
Thousand Oaks Surgical Hospita,Thousand Oaks,CA
Las Palmas Del Sol Healthcare,Austin,TX
Memorial Satilla Health,Charleston,SC
HCA Florida Gulf Coast Hospita,Tallahassee,FL
Corp MidWest Div KS SC,Shawnee,KS
HCA Houston Southeast,Sugar Land,TX
CRL - MidAmerica Division,Lenexa,KS
Cache Valley Hospital,Nashville,TN
Medical City Sachse,Coppell,TX
HCA Florida Mercy Hospital,Miramar,FL
SVG NORTH TEXAS CBO,Nashville,TN
HCA Florida West Hospital,Tallahassee,FL
Belton Regional Medical Center,Richmond,VA
Independence Park Imaging,Richmond,VA
Medical City Surgical Hospital,Coppell,TX
Memorial Health UMC Savannah,Richmond,VA
HCA Florida Citrus Hospital,Largo,FL
McDowell Hospital,Richmond,VA
Corpus Christi Medical Center,Pearland,TX
MSOH Rehabilitation Hospital,San Antonio,TX
Admin - College Park Family Ca,Overland Park,KS
Alaska Regional Hospital,Kaysville,UT
HCA Florida Ocala Hospital,Tallahassee,FL
HCA Florida Brandon Hospital,Largo,FL
HCA Florida West Hospital,Nashville,TN
HCA Houston Kingwood,Sugar Land,TX
HCA Florida Twin Cities Hospit,Jacksonville,FL
LewisGale Hospital-Pulaski,Richmond,VA
Medical City Argyle,Coppell,TX
SVG SARASOTA CBO,Nashville,TN
Lone Peak Hospital,Kaysville,UT
Medical City Decatur,Fort Worth,TX
Southwest ER,Englewood,CO
Timpanogos Regional Medical Ct,Kaysville,UT
Med City Dallas Children,Dallas,TX
Medical City Arlington,Nashville,TN
Valley Regional Medical Center,Pearland,TX
Galen College of Nursing,Nashville,TN
Lees Summit Medical Center,Overland Park,KS
Centerpoint Medical Center,Shawnee,KS
Northcrest Medical Center,Nashville,TN
CRL - Panhandle,Tallahassee,FL
HCA Florida Poinciana Hospital,Tallahassee,FL
Capital Reg Cancer Ctr,Tallahassee,FL
Frankfort Regional Medical Ctr,Richmond,VA
Eastern Idaho RMC,Salt Lake City,UT
Alaska Regional Hospital,Salt Lake City,UT
Colleton Medical Center,Charleston,SC
HCA Houston Tomball,Sugar Land,TX
Medical City Frisco,Coppell,TX
South Atlantic Division Office,Nashville,TN
Gulf Coast Supply Chain,Coppell,TX
Research Medical Center,Covington,LA
HCA Florida Putnam Hospital,Jacksonville,FL
Eastern Idaho RMC,Draper,UT
HCA Florida West Marion Hosp,Jacksonville,FL
LewisGale Hospital-Pulaski,Blacksburg,VA
Fairview Park Hospital,Charleston,SC
Parkridge East Hospital,Nashville,TN
HCA Florida Capital Hospital,Nashville,TN
Regional Med Ctr of San Jose,Henderson,NV
HCA Florida Lake Monroe Hospit,Jacksonville,FL
Greenview Regional Hospital,Nashville,TN
East Houston Medical Center,Pasadena,TX
Belton Regional Medical Center,Shawnee,KS
Transylvania Regional Hospital,Richmond,VA
Oviedo Medical Center,Tallahassee,FL
Work from Home Location Code,Orlando,FL
HCA Houston Clear Lake,Pearland,TX
HCA Florida Fawcett Hospital,Largo,FL
SLS - PSL Med Ctr Surg Other,Denver,CO
HCA Houston Tomball,Sugarland,TX
Mainstream,Nashville,TN
Frankfort Regional Medical Ctr,Nashville,TN
IT&S - Central/West Texas Divi,Nashville,TN
IT&S - North Carolina Division,Nashville,TN
Wesley Medical Center,Englewood,CO
Brigham City Comm Hospital,Salt Lake City,UT
HCA Florida Northside Hospital,Largo,FL
MountainStar Healthcare,Kaysville,UT
Med Ctr FSER Montrose,Houston,TX
Medina Regional Hospital,San Antonio,TX
HCA Florida St. Petersburg Hos,Largo,FL
Chesterfield Imaging LLC,Midlothian,VA
Centennial Med Ctr Ashland,Ashland City,TN
Rose Medical Center,Richmond,VA
KW FESER Atascocita,Kingwood,TX
Pinewood Springs,Nashville,TN
SVG MOUNTAIN DIV CBO,Nashville,TN
Lawson Corp - GCC,Nashville,TN
Mission MCN - McDowell,Marion,NC
HCA Florida Lake City Hospital,Tallahassee,FL
HCA Houston Clear Lake,Sugarland,TX
San Antonio Division Office,Nashville,TN
Medical City Alliance,Coppell,TX
Lone Peak Hospital,Nashville,TN
RPC-Cass Regional Med Ctr,Kansas City,MO
Southern Hills Hosp & Med Ctr,Henderson,NV
Mission Primary Care-Spruce Pi,Spruce Pine,NC
St Davids Georgetown,Nashville,TN
HCA Florida North Florida Hosp,Orlando,FL
HCA Florida Lake City Hospital,Jacksonville,FL
Mission Hospital,Spruce Pine,NC
MCN - Spruce Pine,Spruce Pine,NC
Medical City Weatherford,Coppell,TX
Valify,Nashville,TN
Alaska Regional Hospital,Draper,UT
Round Rock Medical Center,Austin,TX
HCA Florida West Hospital,Orlando,FL
SVG EAST FLORIDA CBO,Nashville,TN
Medical City Lewisville,Denton,TX
Medical City North Hills,Nashville,TN
Methodist Hospital Hill Cntry,San Antonio,TX
Menorah Medical Center,Covington,LA
Oviedo Medical Ctr,Tallahassee,FL
Good Samaritan Hospital,Henderson,NV
Portland Diagnostic Center,Hendersonville,TN
HCA Houston West,Nashville,TN
Partnership Market Office,Nashville,TN
HCA FL West Tampa Hospital,Richmond,VA
Grand Strand Medical Center,Jacksonville,FL
HCA FL South Tampa Hospital,Tallahassee,FL
Sunrise Hospital & Med Center,Nashville,TN
Hendersonville Medical Center,Henderson,NV
Overland Park Regional Medical,Covington,LA
StoneCrest Medical Center,Richmond,VA
HCA Florida JFK North Hospital,Miramar,FL
HCA Florida Osceola Hospital,Orlando,FL
Mountain View Hospital-Utah,Kaysville,UT
Ogden Regional Medical Center,Nashville,TN
North Florida Outpatient Imagi,Gainesville,FL
HCA Florida South Shore Hospit,Largo,FL
PAS - Tampa,Tampa,FL
Lone Peak Hospital,Salt Lake City,UT
Greenview Regional Hospital,Antioch,TN
AirLife EMS,Aurora,CO
HCA FL OSCEOLA HUNTERS CK  APP,Nashville,TN
HCA Florida Osceola Hospital,Tallahassee,FL
Seabrook Emergency Room,Portsmouth,NH